[
null,
{"id":1,"list":[{"code":122,"indent":0,"parameters":[2,2,0,3,5,-1,0]},{"code":122,"indent":0,"parameters":[3,3,0,3,5,-1,1]},{"code":0,"indent":0,"parameters":[]}],"name":"Player Coordinates","switchId":1,"trigger":0},
{"id":2,"list":[{"code":122,"indent":0,"parameters":[9,9,0,3,5,37,0]},{"code":122,"indent":0,"parameters":[8,8,0,3,5,37,1]},{"code":0,"indent":0,"parameters":[]}],"name":"Boulder Coordinates","switchId":1,"trigger":0},
{"id":3,"list":[{"code":122,"indent":0,"parameters":[13,13,0,4,"$gameMap.event(34)._colliders['collision'].intersects($gamePlayer.collider())"]},{"code":0,"indent":0,"parameters":[]}],"name":"Laser config data","switchId":1,"trigger":0},
{"id":4,"list":[{"code":356,"indent":0,"parameters":["qMovement changeCollider 34 collision box 184 8 -64 8"]},{"code":0,"indent":0,"parameters":[]}],"name":"Laser hitbox config","switchId":1,"trigger":0},
{"id":5,"list":[{"code":353,"indent":0,"parameters":[]},{"code":0,"indent":0,"parameters":[]}],"name":"Player Dies","switchId":1,"trigger":0},
{"id":6,"list":[{"code":355,"indent":0,"parameters":["if (DataManager.lastAccessedSavefileId() !== 0){"]},{"code":655,"indent":0,"parameters":["$gameSystem.onBeforeSave()"]},{"code":655,"indent":0,"parameters":["DataManager.saveGame(DataManager.lastAccessedSavefileId());"]},{"code":655,"indent":0,"parameters":["}"]},{"code":0,"indent":0,"parameters":[]}],"name":"AutoSave","switchId":1,"trigger":0},
{"id":7,"list":[{"code":112,"indent":0,"parameters":[]},{"code":111,"indent":1,"parameters":[12,"Input.isPressed('up') || Input.isPressed('down') || Input.isPressed('left') || Input.isPressed('right')"]},{"code":285,"indent":2,"parameters":[14,0,1,2,3]},{"code":355,"indent":2,"parameters":["switch ($gameVariables.value(14)) {"]},{"code":655,"indent":2,"parameters":["    case 0: AudioManager.playSe({name: '00 - Soft_Footsteps1', pan: 0, pitch: 100, volume: 100});"]},{"code":655,"indent":2,"parameters":["    break;"]},{"code":655,"indent":2,"parameters":["    case 1: AudioManager.playSe({name: '00 - Hard_Footsteps', pan: 0, pitch: 100, volume: 100});"]},{"code":655,"indent":2,"parameters":["    break;"]},{"code":655,"indent":2,"parameters":["    case 2: AudioManager.playSe({name: '00 - Soft_Footsteps2', pan: 0, pitch: 100, volume: 100});"]},{"code":655,"indent":2,"parameters":["    break;"]},{"code":655,"indent":2,"parameters":["    case 3: AudioManager.playSe({name: '00 - Soft_Hard_Footsteps', pan: 0, pitch: 100, volume: 100});"]},{"code":655,"indent":2,"parameters":["    break;"]},{"code":655,"indent":2,"parameters":["}"]},{"code":230,"indent":2,"parameters":[30]},{"code":0,"indent":2,"parameters":[]},{"code":412,"indent":1,"parameters":[]},{"code":0,"indent":1,"parameters":[]},{"code":413,"indent":0,"parameters":[]},{"code":0,"indent":0,"parameters":[]}],"name":"Footstep Manager","switchId":1,"trigger":0},
{"id":8,"list":[{"code":356,"indent":0,"parameters":["qMovement changeCollider 34 collision box 0 0 0 0"]},{"code":356,"indent":0,"parameters":["LoopAnim stop 34"]},{"code":0,"indent":0,"parameters":[]}],"name":"Delete Laser","switchId":1,"trigger":0}
]